Sample,Perlakuan
SRR9656587,Embriogenesis
SRR9656588,Embriogenesis
SRR9656589,Embriogenesis
SRR9656590,Embriogenesis
SRR9656591,Embriogenesis
SRR9656592,Embriogenesis
SRR9656593,Embriogenesis
SRR9656594,Embriogenesis
SRR9656595,Embriogenesis
SRR9656596,Embriogenesis
SRR9656597,Embriogenesis
SRR9656598,Embriogenesis
SRR11553560,miRNA
SRR11553561,miRNA
SRR11553562,miRNA
SRR11553563,miRNA
DRR286072,Stres abiotik (kering)
DRR286073,Stres abiotik (kering)
DRR286074,Stres abiotik (kering)
DRR286075,Stres abiotik (kering)
DRR286076,Stres abiotik (kering)
DRR286077,Stres abiotik (kering)
DRR331644,Stres abiotik (tinggi salinasi)
DRR331645,Stres abiotik (tinggi salinasi)
DRR331646,Stres abiotik (tinggi salinasi)
DRR331647,Stres abiotik (tinggi salinasi)
DRR331648,Stres abiotik (tinggi salinasi)
DRR331649,Stres abiotik (tinggi salinasi)
DRR331650,Stres abiotik (tinggi salinasi)
DRR331651,Stres abiotik (tinggi salinasi)
DRR331652,Stres abiotik (tinggi salinasi)
DRR331653,Stres abiotik (tinggi salinasi)
DRR331654,Stres abiotik (tinggi salinasi)
DRR331655,Stres abiotik (tinggi salinasi)
DDR400294,Stres abiotik (dingin)
DDR400295,Stres abiotik (dingin)
DDR400296,Stres abiotik (dingin)
DDR400297,Stres abiotik (dingin)
DDR400298,Stres abiotik (dingin)
DDR400299,Stres abiotik (dingin)
DDR400300,Stres abiotik (dingin)
DDR400301,Stres abiotik (dingin)
DDR400302,Stres abiotik (dingin)
ERR1735778,Daun
ERR1735779,Daun
ERR2937439,Infeksi patogen (Ganoderma)
ERR2937440,Infeksi patogen (Ganoderma)
ERR2937441,Infeksi patogen (Ganoderma)
ERR2937442,Infeksi patogen (Ganoderma)
ERR2937443,Infeksi patogen (Ganoderma)
ERR2937444,Infeksi patogen (Ganoderma)
ERR2937445,Infeksi patogen (Ganoderma)
ERR2937446,Infeksi patogen (Ganoderma)
ERR2937447,Infeksi patogen (Ganoderma)
ERR2937448,Infeksi patogen (Ganoderma)
ERR2937449,Infeksi patogen (Ganoderma)
ERR2937450,Infeksi patogen (Ganoderma)
ERR2937451,Infeksi patogen (Ganoderma)
ERR2937452,Infeksi patogen (Ganoderma)
ERR2937453,Infeksi patogen (Ganoderma)
ERR2937454,Infeksi patogen (Ganoderma)
SRR654050,Penyerapan Fosfat
SRR1019970,Sintesis lipid
SRR1259332,Warna buah
SRR1259431,Warna buah
SRR1260601,Warna buah
SRR1260602,Warna buah
SRR1260603,Warna buah
SRR1260604,Warna buah
SRR1612397,Stres abiotik (dingin)
SRR189964,Bunga gagal berkembang
SRR189965,Bunga gagal berkembang
SRR189966,Bunga gagal berkembang
SRR189967,Bunga gagal berkembang
SRR189968,Bunga gagal berkembang
SRR189969,Bunga gagal berkembang
SRR3042201,Pertumbuhan buah
SRR3042205,Pertumbuhan buah
SRR3042206,Pertumbuhan buah
SRR3042207,Pertumbuhan buah
SRR3042208,Pertumbuhan buah
SRR3042209,Pertumbuhan buah
SRR3042210,Pertumbuhan buah
SRR3042536,Pertumbuhan buah
SRR3042537,Pertumbuhan buah
SRR3042540,Pertumbuhan buah
SRR3042542,Pertumbuhan buah
SRR3042544,Pertumbuhan buah
SRR3042545,Pertumbuhan buah
SRR3042547,Pertumbuhan buah
SRR3042548,Pertumbuhan buah
SRR7263077,Stres abiotik (panas)
SRR7263078,Stres abiotik (panas)
SRR7263079,Stres abiotik (panas)
SRR7263080,Stres abiotik (panas)
SRR7263081,Stres abiotik (panas)
SRR7263082,Stres abiotik (panas)
SRR7263083,Stres abiotik (panas)
SRR7263084,Stres abiotik (panas)
SRR7263085,Stres abiotik (panas)
SRR7263086,Stres abiotik (panas)
SRR7263087,Stres abiotik (panas)
SRR7263088,Stres abiotik (panas)
SRR7263089,Stres abiotik (panas)
SRR7263090,Stres abiotik (panas)
SRR7263091,Stres abiotik (panas)
SRR7263092,Stres abiotik (panas)
SRR7263093,Stres abiotik (panas)
SRR7263094,Stres abiotik (panas)
SRR7263095,Stres abiotik (panas)
SRR7263096,Stres abiotik (panas)
SRR7263097,Stres abiotik (panas)
SRR7263098,Stres abiotik (panas)
SRR7263099,Stres abiotik (panas)
SRR7263100,Stres abiotik (panas)
SRR7263101,Stres abiotik (panas)
SRR7263102,Stres abiotik (panas)
SRR7263103,Stres abiotik (panas)
SRR7263104,Stres abiotik (panas)
SRR7263105,Stres abiotik (panas)
SRR7263106,Stres abiotik (panas)
SRR8820548,Infeksi patogen
SRR8820549,Infeksi patogen
SRR8820550,Infeksi patogen
SRR9102728,Infeksi patogen busuk buah
SRR9102729,Infeksi patogen busuk buah
SRR9102730,Infeksi patogen busuk buah
SRR9102731,Infeksi patogen busuk buah
SRR9102732,Infeksi patogen busuk buah
SRR9102733,Infeksi patogen busuk buah
SRR9102734,Infeksi patogen busuk buah
SRR9102735,Infeksi patogen busuk buah
SRR9102736,Infeksi patogen busuk buah
SRR9102737,Infeksi patogen busuk buah
SRR9102738,Infeksi patogen busuk buah
SRR9102739,Infeksi patogen busuk buah
SRR9102740,Infeksi patogen busuk buah
SRR9102741,Infeksi patogen busuk buah
SRR9102742,Infeksi patogen busuk buah
SRR9102743,Infeksi patogen busuk buah
SRR9102744,Infeksi patogen busuk buah
SRR9102745,Infeksi patogen busuk buah
SRR9102746,Infeksi patogen busuk buah
SRR9102747,Infeksi patogen busuk buah
SRR9102748,Infeksi patogen busuk buah
SRR9102749,Infeksi patogen busuk buah
SRR9102750,Infeksi patogen busuk buah
SRR9102751,Infeksi patogen busuk buah
SRR9102752,Infeksi patogen busuk buah
SRR10219424,Stres abiotik (kering dan tinggi salinasi)
SRR10219425,Stres abiotik (kering dan tinggi salinasi)
SRR10219426,Stres abiotik (kering dan tinggi salinasi)
SRR10219427,Stres abiotik (kering dan tinggi salinasi)
SRR10219428,Stres abiotik (kering dan tinggi salinasi)
SRR10219429,Stres abiotik (kering dan tinggi salinasi)
SRR10219430,Stres abiotik (kering dan tinggi salinasi)
SRR10219431,Stres abiotik (kering dan tinggi salinasi)
SRR10219432,Stres abiotik (kering dan tinggi salinasi)
SRR10219433,Stres abiotik (kering dan tinggi salinasi)
SRR10219434,Stres abiotik (kering dan tinggi salinasi)
SRR10219435,Stres abiotik (kering dan tinggi salinasi)
SRR10219436,Stres abiotik (kering dan tinggi salinasi)
SRR10219437,Stres abiotik (kering dan tinggi salinasi)
SRR10219438,Stres abiotik (kering dan tinggi salinasi)
SRR10219439,Stres abiotik (kering dan tinggi salinasi)
SRR10219440,Stres abiotik (kering dan tinggi salinasi)
SRR10219441,Stres abiotik (kering dan tinggi salinasi)
SRR10953051,Fenotip mantled
SRR10953052,Fenotip mantled
SRR10953053,Fenotip mantled
SRR10953054,Fenotip mantled
SRR10953055,Fenotip mantled
SRR10953056,Fenotip mantled
SRR10953057,Fenotip mantled
SRR10953058,Fenotip mantled
SRR10953059,Fenotip mantled
SRR10953060,Fenotip mantled
SRR12424937,Stres abiotik (tinggi salinasi)
SRR12424938,Stres abiotik (tinggi salinasi)
SRR12424939,Stres abiotik (tinggi salinasi)
SRR12424940,Stres abiotik (tinggi salinasi)
SRR12424941,Stres abiotik (tinggi salinasi)
SRR12424942,Stres abiotik (tinggi salinasi)
SRR12424943,Stres abiotik (tinggi salinasi)
SRR12424944,Stres abiotik (tinggi salinasi)
SRR12424945,Stres abiotik (tinggi salinasi)
SRR13600533,Berbagai organ
SRR13600534,Berbagai organ
SRR13600535,Berbagai organ
SRR13600536,Berbagai organ
SRR13600537,Berbagai organ
SRR13600538,Berbagai organ
SRR13600539,Berbagai organ
SRR13600540,Berbagai organ
SRR13600541,Berbagai organ
SRR13600542,Berbagai organ
SRR13600543,Berbagai organ
SRR13600544,Berbagai organ
SRR13600545,Berbagai organ
SRR13600546,Berbagai organ
SRR13600547,Berbagai organ
SRR13635188,Embriogenesis somatik
SRR13635189,Embriogenesis somatik
SRR13635190,Embriogenesis somatik
SRR13635191,Embriogenesis somatik
SRR13635192,Embriogenesis somatik
SRR13635193,Embriogenesis somatik
SRR13635194,Embriogenesis somatik
SRR13635195,Embriogenesis somatik
SRR13635196,Embriogenesis somatik
SRR13638175,Embriogenesis somatik
SRR13638176,Embriogenesis somatik
SRR13638177,Embriogenesis somatik
SRR13638178,Embriogenesis somatik
SRR13638179,Embriogenesis somatik
SRR13638180,Embriogenesis somatik
SRR13638181,Embriogenesis somatik
SRR13638182,Embriogenesis somatik
SRR13638183,Embriogenesis somatik
SRR13648624,Kematangan buah
SRR13648625,Kematangan buah
SRR13648626,Kematangan buah
SRR13755308,Embriogenesis somatik
SRR13755309,Embriogenesis somatik
SRR13755310,Embriogenesis somatik
SRR13755311,Embriogenesis somatik
SRR13755312,Embriogenesis somatik
SRR13755313,Embriogenesis somatik
SRR13755314,Embriogenesis somatik
SRR13755315,Embriogenesis somatik
SRR13755316,Embriogenesis somatik
SRR13755317,Embriogenesis somatik
SRR13755318,Embriogenesis somatik
SRR13755319,Embriogenesis somatik
SRR13755320,Embriogenesis somatik
SRR13755321,Embriogenesis somatik
SRR13755322,Embriogenesis somatik
SRR13755323,Embriogenesis somatik
SRR13755324,Embriogenesis somatik
SRR13755325,Embriogenesis somatik
SRR13755326,Embriogenesis somatik
SRR13755327,Embriogenesis somatik
SRR13755328,Embriogenesis somatik
SRR13755329,Embriogenesis somatik
SRR13755330,Embriogenesis somatik
SRR13755331,Embriogenesis somatik
SRR13755332,Embriogenesis somatik
SRR13755333,Embriogenesis somatik
SRR13755334,Embriogenesis somatik
SRR13755335,Embriogenesis somatik
SRR13755336,Embriogenesis somatik
SRR13755337,Embriogenesis somatik
SRR13755338,Embriogenesis somatik
SRR13755339,Embriogenesis somatik
SRR13755340,Embriogenesis somatik
SRR13755341,Embriogenesis somatik
SRR13755342,Embriogenesis somatik
SRR13755343,Embriogenesis somatik
SRR13755344,Embriogenesis somatik
SRR13755345,Embriogenesis somatik
SRR13755346,Embriogenesis somatik
SRR13755347,Embriogenesis somatik
SRR13755348,Embriogenesis somatik
SRR13755349,Embriogenesis somatik
SRR13755350,Embriogenesis somatik
SRR13755351,Embriogenesis somatik
SRR13755352,Embriogenesis somatik
SRR13755353,Embriogenesis somatik
SRR13755354,Embriogenesis somatik
SRR13755355,Embriogenesis somatik
SRR13755356,Embriogenesis somatik
SRR13755357,Embriogenesis somatik
SRR13755358,Embriogenesis somatik
SRR13755359,Embriogenesis somatik
SRR13755360,Embriogenesis somatik
SRR13755361,Embriogenesis somatik
SRR13755362,Embriogenesis somatik
SRR13755363,Embriogenesis somatik
SRR13755364,Embriogenesis somatik
SRR13755365,Embriogenesis somatik
SRR16229838,Stres Penggundulan Daun
SRR16229839,Stres Penggundulan Daun
SRR16229840,Stres Penggundulan Daun
SRR16229841,Stres Penggundulan Daun
SRR16229842,Stres Penggundulan Daun
SRR16229843,Stres Penggundulan Daun
SRR16550053,Perbedaan fenotip buah
SRR16550054,Perbedaan fenotip buah
SRR16550055,Perbedaan fenotip buah
SRR16550056,Perbedaan fenotip buah
SRR16550057,Perbedaan fenotip buah
SRR16550058,Perbedaan fenotip buah
SRR16550059,Perbedaan fenotip buah
SRR16550060,Perbedaan fenotip buah
SRR16550061,Perbedaan fenotip buah
SRR16550062,Perbedaan fenotip buah
SRR16550063,Perbedaan fenotip buah
SRR16550064,Perbedaan fenotip buah
SRR16944071,Stres abiotik (kering)
SRR16944072,Stres abiotik (kering)
SRR16944073,Stres abiotik (kering)
SRR16944074,Stres abiotik (kering)
SRR16944075,Stres abiotik (kering)
SRR16944076,Stres abiotik (kering)
SRR16912775,Embriogenesis
SRR16912776,Embriogenesis
SRR16912777,Embriogenesis
SRR20341143,Infeksi patogen
SRR20341144,Infeksi patogen
SRR20341145,Infeksi patogen
SRR20341146,Infeksi patogen
SRR20341147,Infeksi patogen
SRR20341148,Infeksi patogen
SRR20341149,Infeksi patogen
SRR20341150,Infeksi patogen
SRR20341151,Infeksi patogen
SRR20341152,Infeksi patogen
SRR20341153,Infeksi patogen
SRR22806496,Berbagai latar belakang genetik
SRR22806497,Berbagai latar belakang genetik
SRR22806498,Berbagai latar belakang genetik
SRR22806499,Berbagai latar belakang genetik
SRR22806500,Berbagai latar belakang genetik
SRR22806501,Berbagai latar belakang genetik
SRR22806502,Berbagai latar belakang genetik
SRR22806503,Berbagai latar belakang genetik
SRR22806504,Berbagai latar belakang genetik
SRR23421547,Fenotip cangkang
SRR23421548,Fenotip cangkang
SRR23421549,Fenotip cangkang
SRR23421550,Fenotip cangkang
SRR23421551,Fenotip cangkang
SRR23421552,Fenotip cangkang
SRR23421553,Fenotip cangkang
SRR23421554,Fenotip cangkang
SRR23421555,Fenotip cangkang
SRR23421556,Fenotip cangkang
SRR23421557,Fenotip cangkang
SRR23421558,Fenotip cangkang
SRR23421559,Fenotip cangkang
SRR23421560,Fenotip cangkang
SRR23421561,Fenotip cangkang
SRR23421562,Fenotip cangkang
SRR23421563,Fenotip cangkang
SRR23421564,Fenotip cangkang
SRR25119994,Daun
SRR25119995,Daun
SRR25119996,Daun
SRR25119997,Daun
SRR25119998,Daun
SRR25119999,Daun
SRR25120000,Daun
SRR25120001,Daun
SRR25120002,Daun
SRR25120003,Daun
SRR25120004,Daun
SRR25120005,Daun
SRR25120006,Daun
SRR25120007,Daun
SRR25120008,Daun
SRR25120009,Daun
SRR25120010,Daun
SRR25120011,Daun
SRR25120012,Daun
SRR25120013,Daun
SRR25120014,Daun
SRR25120015,Daun
SRR25120016,Daun
SRR25120017,Daun
SRR25120018,Daun
SRR25120019,Daun
SRR25120020,Daun
SRR25120021,Daun
SRR25120022,Daun
SRR25120023,Daun
SRR25120024,Daun
SRR25120025,Daun
SRR25120026,Daun
SRR25120027,Daun
SRR25120028,Daun
SRR25120029,Daun
SRR24977788,Pertumbuhan
SRR24977789,Pertumbuhan
SRR24977790,Pertumbuhan
SRR24977791,Pertumbuhan
SRR24977792,Pertumbuhan
SRR24977793,Pertumbuhan
SRR24977794,Pertumbuhan
SRR24977795,Pertumbuhan
SRR24977796,Pertumbuhan
SRR24977797,Pertumbuhan
SRR24977798,Pertumbuhan
SRR24977799,Pertumbuhan
SRR24977800,Pertumbuhan
SRR24977801,Pertumbuhan
SRR24977802,Pertumbuhan
SRR24977803,Pertumbuhan
SRR24977804,Pertumbuhan
SRR24977805,Pertumbuhan
